Team,Number,Name,Sets,Kills,Errors,Total Attempts,Hit Percentage,Assists,Service Aces,Service Errors,Reception Errors,Digs,Block Solo,Block Assists,Block Errors,Ball Handling Errors,Opponent
Eastern Nazarene,5,A garcia Fernandez,3.0,18.0,5.0,39.0,0.333,0.0,0.0,6.0,5.0,5.0,0.0,0.0,0.0,0.0,MIT
Eastern Nazarene,4,Christopher Gil,2.0,0.0,1.0,1.0,-1.0,7.0,0.0,0.0,0.0,3.0,0.0,0.0,0.0,0.0,MIT
Eastern Nazarene,14,Jacob Lotts,3.0,1.0,1.0,2.0,0.0,0.0,0.0,0.0,0.0,1.0,0.0,1.0,0.0,0.0,MIT
Eastern Nazarene,9,Matthew Mucha,3.0,1.0,2.0,5.0,-0.2,0.0,1.0,2.0,0.0,1.0,0.0,0.0,0.0,0.0,MIT
Eastern Nazarene,3,Delfy Soler,3.0,8.0,5.0,21.0,0.143,1.0,0.0,2.0,2.0,8.0,0.0,0.0,0.0,0.0,MIT
Eastern Nazarene,23,Jacob Zarges,3.0,5.0,4.0,21.0,0.048,1.0,1.0,2.0,0.0,4.0,0.0,1.0,0.0,0.0,MIT
Eastern Nazarene,2,Nathan Caldwell,3.0,0.0,0.0,0.0,0.0,0.0,1.0,2.0,0.0,1.0,0.0,0.0,0.0,0.0,MIT
Eastern Nazarene,6,Aaron Huang,2.0,1.0,0.0,2.0,0.5,23.0,0.0,0.0,0.0,4.0,0.0,0.0,0.0,0.0,MIT
Eastern Nazarene,13,Ian Pacheco,3.0,0.0,1.0,1.0,-1.0,0.0,0.0,0.0,2.0,7.0,0.0,0.0,0.0,0.0,MIT
Eastern Nazarene,8,Ryan Espinoza,3.0,9.0,3.0,20.0,0.3,0.0,3.0,2.0,0.0,5.0,0.0,0.0,1.0,0.0,MIT
Eastern Nazarene,12,Nick Gustafson,3.0,6.0,5.0,22.0,0.045,0.0,3.0,2.0,1.0,6.0,0.0,1.0,0.0,0.0,MIT
Eastern Nazarene,23,Phillip Johnson,3.0,11.0,3.0,21.0,0.381,0.0,0.0,2.0,0.0,1.0,1.0,3.0,0.0,0.0,MIT
Eastern Nazarene,11,Riley Oh,3.0,1.0,2.0,6.0,-0.167,30.0,3.0,0.0,0.0,14.0,0.0,1.0,1.0,0.0,MIT
Eastern Nazarene,22,Michael Rini,3.0,6.0,1.0,8.0,0.625,0.0,0.0,2.0,0.0,0.0,0.0,0.0,0.0,1.0,MIT
Eastern Nazarene,15,Kevin Zhu,3.0,5.0,2.0,14.0,0.214,1.0,0.0,0.0,2.0,2.0,0.0,1.0,0.0,0.0,MIT
Eastern Nazarene,1,George Chang,2.0,0.0,0.0,0.0,0.0,1.0,0.0,0.0,0.0,4.0,0.0,0.0,0.0,0.0,MIT
Eastern Nazarene,13,Jay Goettman,1.0,0.0,0.0,0.0,0.0,0.0,0.0,0.0,0.0,0.0,0.0,0.0,0.0,0.0,MIT
Eastern Nazarene,24,Max Turner,1.0,0.0,0.0,0.0,0.0,0.0,0.0,0.0,0.0,0.0,0.0,0.0,0.0,0.0,MIT
Eastern Nazarene,16,Kevin Windisch,2.0,0.0,0.0,0.0,0.0,4.0,0.0,0.0,0.0,4.0,0.0,0.0,0.0,0.0,MIT
Bethany (WV),5,alexander Blair,3.0,1.0,1.0,9.0,0.0,13.0,1.0,3.0,0.0,1.0,1.0,0.0,0.0,1.0,Carlow
Bethany (WV),1,gabe Dombroff,3.0,1.0,0.0,3.0,0.333,0.0,0.0,3.0,0.0,0.0,0.0,0.0,2.0,0.0,Carlow
Bethany (WV),12,mckay Ginez,3.0,2.0,5.0,14.0,-0.214,0.0,0.0,3.0,0.0,3.0,1.0,0.0,0.0,0.0,Carlow
Bethany (WV),15,tyler Johnson,3.0,7.0,1.0,27.0,0.222,0.0,1.0,0.0,0.0,5.0,0.0,0.0,0.0,0.0,Carlow
Bethany (WV),8,james Lucht,3.0,4.0,5.0,27.0,-0.037,0.0,0.0,3.0,0.0,3.0,0.0,0.0,0.0,0.0,Carlow
Bethany (WV),24,rylan Trapp,3.0,2.0,0.0,7.0,0.286,0.0,1.0,2.0,0.0,2.0,3.0,0.0,0.0,1.0,Carlow
Bethany (WV),7,syed Ahmed,2.0,0.0,1.0,1.0,-1.0,1.0,0.0,0.0,1.0,3.0,0.0,0.0,0.0,0.0,Carlow
Bethany (WV),11,leonardo Locatelli,3.0,0.0,0.0,0.0,0.0,1.0,0.0,0.0,4.0,13.0,0.0,0.0,0.0,0.0,Carlow
Bethany (WV),11,ryan Callahan,3.0,3.0,0.0,9.0,0.333,2.0,1.0,1.0,0.0,7.0,0.0,0.0,0.0,0.0,Carlow
Bethany (WV),8,russ Cyprowski,3.0,10.0,6.0,22.0,0.182,0.0,0.0,1.0,0.0,7.0,3.0,0.0,0.0,0.0,Carlow
Bethany (WV),15,joshua Lee,3.0,5.0,3.0,10.0,0.2,0.0,0.0,0.0,0.0,0.0,0.0,0.0,0.0,0.0,Carlow
Bethany (WV),10,jaden Michalski,3.0,1.0,0.0,6.0,0.167,0.0,2.0,0.0,0.0,5.0,0.0,0.0,0.0,0.0,Carlow
Bethany (WV),17,will Piccolino,3.0,17.0,5.0,31.0,0.387,0.0,1.0,0.0,0.0,8.0,0.0,0.0,0.0,0.0,Carlow
Bethany (WV),13,james Stone,3.0,1.0,0.0,3.0,0.333,31.0,1.0,1.0,0.0,8.0,0.0,0.0,0.0,1.0,Carlow
Bethany (WV),1,logan Alexander,3.0,0.0,0.0,0.0,0.0,0.0,0.0,0.0,2.0,19.0,0.0,0.0,0.0,0.0,Carlow
Bethany (WV),20,zachary Taylor,3.0,0.0,0.0,1.0,0.0,0.0,0.0,1.0,0.0,1.0,0.0,0.0,0.0,0.0,Carlow
Cairn,2,josh Adler,3.0,0.0,0.0,4.0,0.0,15.0,1.0,1.0,0.0,2.0,0.0,0.0,0.0,3.0,New Jersey City
Cairn,15,joe Poirier,3.0,2.0,3.0,9.0,-0.111,0.0,0.0,2.0,3.0,4.0,0.0,0.0,0.0,0.0,New Jersey City
Cairn,12,sam Poirier,3.0,6.0,8.0,24.0,-0.083,0.0,0.0,2.0,2.0,0.0,0.0,2.0,0.0,0.0,New Jersey City
Cairn,3,tommy Ragonese,3.0,1.0,1.0,5.0,0.0,0.0,0.0,0.0,0.0,1.0,1.0,0.0,0.0,0.0,New Jersey City
Cairn,5,noah Ruiz esparza,3.0,0.0,0.0,1.0,0.0,0.0,2.0,2.0,1.0,2.0,0.0,0.0,0.0,0.0,New Jersey City
Cairn,9,jake Tolar,3.0,5.0,1.0,8.0,0.5,0.0,0.0,4.0,0.0,0.0,0.0,3.0,0.0,0.0,New Jersey City
Cairn,13,kobe Cash,3.0,0.0,0.0,0.0,0.0,1.0,0.0,0.0,2.0,6.0,0.0,0.0,0.0,0.0,New Jersey City
Cairn,14,david Larbi,3.0,2.0,2.0,8.0,0.0,0.0,0.0,0.0,0.0,3.0,0.0,1.0,0.0,0.0,New Jersey City
Cairn,21,nate Aguilar,3.0,1.0,0.0,3.0,0.333,0.0,0.0,0.0,0.0,1.0,0.0,2.0,0.0,0.0,New Jersey City
Cairn,18,james Bajor,3.0,7.0,4.0,17.0,0.176,0.0,4.0,5.0,0.0,5.0,0.0,3.0,0.0,0.0,New Jersey City
Cairn,22,alex Casais,3.0,1.0,0.0,1.0,1.0,29.0,0.0,0.0,0.0,3.0,0.0,1.0,0.0,0.0,New Jersey City
Cairn,14,brandon Dasilva,3.0,7.0,1.0,10.0,0.6,1.0,5.0,5.0,0.0,0.0,0.0,3.0,1.0,0.0,New Jersey City
Cairn,11,marcus Pardasie,3.0,8.0,6.0,17.0,0.118,1.0,1.0,0.0,1.0,3.0,0.0,1.0,0.0,0.0,New Jersey City
Cairn,10,mahmoud Serour,3.0,9.0,1.0,17.0,0.471,0.0,3.0,2.0,1.0,5.0,0.0,0.0,0.0,1.0,New Jersey City
Cairn,5,nico Figueroa,3.0,0.0,0.0,0.0,0.0,2.0,0.0,0.0,0.0,5.0,0.0,0.0,0.0,0.0,New Jersey City
Cairn,17,leandro Perez,3.0,0.0,0.0,0.0,0.0,0.0,0.0,0.0,0.0,2.0,0.0,0.0,0.0,0.0,New Jersey City
St. Joseph's (Brkln),14,alex Helfant,5.0,16.0,10.0,42.0,0.143,2.0,3.0,3.0,2.0,11.0,0.0,2.0,1.0,0.0,Pratt
St. Joseph's (Brkln),11,lasha Kemashvili,5.0,10.0,6.0,21.0,0.19,2.0,1.0,3.0,1.0,8.0,0.0,3.0,0.0,1.0,Pratt
St. Joseph's (Brkln),5,keiran Mcmullan,5.0,1.0,0.0,3.0,0.333,33.0,1.0,4.0,0.0,4.0,0.0,1.0,0.0,3.0,Pratt
St. Joseph's (Brkln),6,richard Ortega,5.0,0.0,1.0,2.0,-0.5,0.0,0.0,2.0,0.0,2.0,1.0,1.0,0.0,0.0,Pratt
St. Joseph's (Brkln),10,frank Rivera,5.0,8.0,8.0,34.0,0.0,0.0,1.0,4.0,4.0,14.0,0.0,1.0,0.0,0.0,Pratt
St. Joseph's (Brkln),8,frank Tello,5.0,6.0,4.0,18.0,0.111,2.0,0.0,3.0,1.0,10.0,3.0,2.0,0.0,0.0,Pratt
St. Joseph's (Brkln),7,levin Ma,5.0,0.0,0.0,0.0,0.0,0.0,1.0,0.0,3.0,5.0,0.0,0.0,0.0,0.0,Pratt
St. Joseph's (Brkln),15,wallace Hallot,5.0,4.0,6.0,22.0,-0.091,1.0,4.0,5.0,0.0,3.0,1.0,0.0,0.0,0.0,Pratt
St. Joseph's (Brkln),17,k Johnson,5.0,1.0,3.0,11.0,-0.182,0.0,2.0,4.0,0.0,5.0,0.0,0.0,1.0,0.0,Pratt
St. Joseph's (Brkln),12,joji Kawamura,5.0,6.0,7.0,24.0,-0.042,1.0,2.0,1.0,0.0,11.0,0.0,2.0,0.0,0.0,Pratt
St. Joseph's (Brkln),7,jason Raymond,5.0,8.0,3.0,22.0,0.227,0.0,0.0,2.0,1.0,4.0,1.0,5.0,0.0,0.0,Pratt
St. Joseph's (Brkln),5,brooks Reid,5.0,2.0,2.0,9.0,0.0,20.0,5.0,2.0,0.0,6.0,0.0,3.0,0.0,1.0,Pratt
St. Joseph's (Brkln),10,max Wang,5.0,8.0,14.0,37.0,-0.162,0.0,0.0,3.0,1.0,11.0,0.0,0.0,0.0,0.0,Pratt
St. Joseph's (Brkln),4,jude Fox,1.0,0.0,0.0,0.0,0.0,0.0,0.0,0.0,0.0,0.0,0.0,0.0,0.0,0.0,Pratt
St. Joseph's (Brkln),21,michael Litolff,5.0,0.0,0.0,0.0,0.0,1.0,0.0,0.0,3.0,1.0,0.0,0.0,0.0,0.0,Pratt
Elmira,1,max Cohen,4.0,1.0,2.0,5.0,-0.2,39.0,1.0,1.0,0.0,9.0,0.0,1.0,0.0,0.0,Hilbert
Elmira,16,luke Jata,3.0,10.0,1.0,14.0,0.643,2.0,0.0,2.0,0.0,3.0,0.0,1.0,0.0,1.0,Hilbert
Elmira,20,jordan Peiser,4.0,9.0,3.0,21.0,0.286,0.0,3.0,2.0,0.0,10.0,0.0,0.0,0.0,0.0,Hilbert
Elmira,4,edwin Sosa,4.0,14.0,7.0,34.0,0.206,2.0,0.0,1.0,0.0,8.0,1.0,1.0,0.0,0.0,Hilbert
Elmira,10,gabriel Staron,2.0,4.0,0.0,6.0,0.667,0.0,2.0,1.0,0.0,0.0,0.0,0.0,0.0,0.0,Hilbert
Elmira,14,dylan Vargas,4.0,3.0,1.0,8.0,0.25,0.0,0.0,1.0,2.0,0.0,1.0,2.0,0.0,0.0,Hilbert
Elmira,12,connor Barton,4.0,0.0,0.0,0.0,0.0,0.0,0.0,1.0,0.0,1.0,0.0,0.0,0.0,0.0,Hilbert
Elmira,3,cache Littrell,2.0,0.0,3.0,7.0,-0.429,0.0,2.0,2.0,0.0,1.0,0.0,1.0,0.0,0.0,Hilbert
Elmira,25,jesus Lopez de jesus,1.0,0.0,0.0,0.0,0.0,0.0,0.0,0.0,1.0,0.0,0.0,0.0,0.0,0.0,Hilbert
Elmira,2,jake Suffa,3.0,6.0,2.0,11.0,0.364,1.0,1.0,2.0,1.0,2.0,0.0,0.0,0.0,0.0,Hilbert
Elmira,7,alex Vega,4.0,1.0,1.0,5.0,0.0,3.0,0.0,0.0,0.0,15.0,0.0,0.0,0.0,0.0,Hilbert
Elmira,1,austin Chandler,4.0,0.0,0.0,6.0,0.0,29.0,1.0,4.0,0.0,3.0,0.0,0.0,0.0,0.0,Hilbert
Elmira,3,brad Converse,4.0,6.0,7.0,27.0,-0.037,2.0,0.0,2.0,5.0,8.0,1.0,0.0,0.0,0.0,Hilbert
Elmira,12,nikolas D'andrea,4.0,9.0,4.0,27.0,0.185,0.0,3.0,5.0,0.0,5.0,0.0,1.0,0.0,0.0,Hilbert
Elmira,13,tyler Hassell,4.0,7.0,2.0,14.0,0.357,0.0,0.0,2.0,1.0,1.0,1.0,1.0,0.0,0.0,Hilbert
Elmira,10,connor Higgins,4.0,10.0,4.0,22.0,0.273,0.0,0.0,3.0,2.0,4.0,0.0,0.0,0.0,0.0,Hilbert
Elmira,9,drew O'neill,4.0,2.0,3.0,10.0,-0.1,0.0,0.0,3.0,0.0,2.0,0.0,0.0,0.0,0.0,Hilbert
Elmira,2,noah Hart,4.0,0.0,0.0,0.0,0.0,0.0,0.0,0.0,0.0,0.0,0.0,0.0,0.0,0.0,Hilbert
Elmira,17,michael Pozzuto,4.0,1.0,0.0,1.0,1.0,0.0,0.0,0.0,0.0,17.0,0.0,0.0,0.0,1.0,Hilbert
Lasell,2,jan Baranowski,4.0,6.0,3.0,13.0,0.231,0.0,1.0,4.0,0.0,5.0,0.0,1.0,0.0,0.0,Nichols
Lasell,7,jesus Garcia,4.0,1.0,0.0,17.0,0.059,31.0,1.0,0.0,0.0,8.0,1.0,1.0,0.0,0.0,Nichols
Lasell,11,brenden Joyce,4.0,9.0,2.0,22.0,0.318,0.0,0.0,2.0,0.0,4.0,1.0,0.0,0.0,0.0,Nichols
Lasell,20,carter Phillips,4.0,2.0,2.0,5.0,0.0,0.0,0.0,0.0,0.0,1.0,3.0,2.0,0.0,0.0,Nichols
Lasell,15,dexter Thomas,4.0,4.0,1.0,11.0,0.273,0.0,0.0,0.0,0.0,0.0,0.0,0.0,0.0,0.0,Nichols
Lasell,14,theo Zaharewicz,4.0,19.0,3.0,44.0,0.364,0.0,2.0,4.0,1.0,5.0,2.0,0.0,0.0,1.0,Nichols
Lasell,12,cody Bonilla,2.0,0.0,0.0,0.0,0.0,0.0,0.0,2.0,0.0,1.0,0.0,0.0,0.0,0.0,Nichols
Lasell,24,nathan Carter,1.0,0.0,0.0,0.0,0.0,0.0,0.0,0.0,0.0,1.0,0.0,0.0,0.0,0.0,Nichols
Lasell,6,ryan Fuller,4.0,0.0,0.0,4.0,0.0,3.0,0.0,0.0,1.0,15.0,0.0,0.0,0.0,0.0,Nichols
Lasell,10,rande Monahan,2.0,0.0,0.0,0.0,0.0,0.0,0.0,1.0,0.0,1.0,0.0,0.0,0.0,0.0,Nichols
Lasell,3,jasper Schultz,3.0,1.0,2.0,7.0,-0.143,0.0,0.0,0.0,0.0,1.0,0.0,0.0,0.0,1.0,Nichols
Lasell,5,bryce Bonville,4.0,10.0,6.0,29.0,0.138,0.0,0.0,2.0,0.0,3.0,0.0,0.0,0.0,0.0,Nichols
Lasell,11,dylan Knapp,4.0,5.0,1.0,12.0,0.333,0.0,0.0,3.0,0.0,5.0,0.0,0.0,0.0,0.0,Nichols
Lasell,13,carlos Mercado,4.0,4.0,2.0,14.0,0.143,43.0,2.0,0.0,0.0,11.0,0.0,0.0,0.0,0.0,Nichols
Lasell,8,jack Normandin,4.0,13.0,7.0,28.0,0.214,2.0,1.0,1.0,0.0,8.0,1.0,0.0,0.0,0.0,Nichols
Lasell,14,bradyn Pomainville,4.0,5.0,2.0,11.0,0.273,1.0,0.0,0.0,0.0,3.0,0.0,0.0,0.0,0.0,Nichols
Lasell,23,tanner Soracco,4.0,19.0,3.0,35.0,0.457,0.0,0.0,3.0,0.0,7.0,4.0,0.0,1.0,0.0,Nichols
Lasell,15,cade Bernardi,4.0,0.0,0.0,0.0,0.0,1.0,0.0,0.0,0.0,9.0,0.0,0.0,0.0,0.0,Nichols
Lasell,10,josh Churko,3.0,0.0,0.0,0.0,0.0,0.0,0.0,0.0,0.0,0.0,0.0,0.0,0.0,1.0,Nichols
Lasell,4,nick Martin,4.0,0.0,0.0,0.0,0.0,1.0,1.0,3.0,0.0,3.0,0.0,0.0,0.0,0.0,Nichols
Lasell,2,evan Sachs,1.0,0.0,0.0,0.0,0.0,0.0,0.0,0.0,0.0,0.0,0.0,0.0,0.0,0.0,Nichols
Stevens,10,kevin Herbst,3.0,6.0,1.0,8.0,0.625,0.0,3.0,3.0,0.0,3.0,0.0,0.0,0.0,0.0,Hunter
Stevens,3,tyler Hoke,2.0,2.0,1.0,5.0,0.2,0.0,0.0,1.0,0.0,2.0,1.0,2.0,0.0,0.0,Hunter
Stevens,17,sebastian Huyke,3.0,3.0,0.0,5.0,0.6,16.0,0.0,1.0,0.0,5.0,0.0,1.0,0.0,0.0,Hunter
Stevens,21,alex Olcott,3.0,5.0,3.0,18.0,0.111,1.0,0.0,3.0,0.0,4.0,0.0,1.0,0.0,0.0,Hunter
Stevens,8,christopher Varseveld,2.0,0.0,1.0,6.0,-0.167,1.0,2.0,0.0,0.0,0.0,2.0,1.0,0.0,0.0,Hunter
Stevens,11,carver Weirick,3.0,5.0,2.0,10.0,0.3,3.0,0.0,0.0,0.0,6.0,0.0,2.0,0.0,0.0,Hunter
Stevens,5,phu-quy Ho,3.0,0.0,0.0,0.0,0.0,0.0,0.0,0.0,0.0,6.0,0.0,0.0,0.0,0.0,Hunter
Stevens,13,joshua Levandoske,2.0,6.0,0.0,7.0,0.857,0.0,0.0,0.0,0.0,3.0,0.0,1.0,0.0,0.0,Hunter
Stevens,1,brandon Rogers,1.0,1.0,0.0,2.0,0.5,0.0,0.0,0.0,0.0,1.0,0.0,0.0,0.0,0.0,Hunter
Stevens,30,hunter Schmidt,1.0,2.0,0.0,2.0,1.0,0.0,0.0,0.0,0.0,0.0,0.0,1.0,0.0,0.0,Hunter
Stevens,9,nick Schmidt,1.0,0.0,1.0,4.0,-0.25,4.0,0.0,0.0,0.0,0.0,0.0,0.0,0.0,0.0,Hunter
Stevens,22,esteban Schmitt,1.0,0.0,0.0,1.0,0.0,1.0,1.0,0.0,0.0,0.0,0.0,1.0,0.0,0.0,Hunter
Stevens,20,muhammad Al-amine mbaye,3.0,6.0,8.0,21.0,-0.095,0.0,0.0,1.0,1.0,1.0,0.0,0.0,0.0,0.0,Hunter
Stevens,13,jimmy Chang,3.0,0.0,4.0,14.0,-0.286,1.0,0.0,1.0,1.0,2.0,0.0,1.0,0.0,0.0,Hunter
Stevens,14,andrew Estiverne,2.0,0.0,0.0,0.0,0.0,0.0,0.0,1.0,0.0,0.0,0.0,0.0,0.0,0.0,Hunter
Stevens,11,kyle Foley,3.0,10.0,5.0,19.0,0.263,0.0,0.0,1.0,2.0,4.0,0.0,1.0,0.0,0.0,Hunter
Stevens,24,matisse Lee-maarek,3.0,9.0,1.0,14.0,0.571,1.0,0.0,2.0,0.0,1.0,0.0,0.0,1.0,0.0,Hunter
Stevens,10,cooper Moran,3.0,1.0,0.0,3.0,0.333,17.0,0.0,1.0,0.0,6.0,0.0,1.0,0.0,0.0,Hunter
Stevens,2,sergio Aguado,3.0,0.0,0.0,0.0,0.0,0.0,0.0,1.0,2.0,4.0,0.0,0.0,0.0,0.0,Hunter
Stevens,19,annes Deljanin,3.0,3.0,4.0,12.0,-0.083,0.0,0.0,1.0,0.0,1.0,1.0,2.0,0.0,0.0,Hunter
Stevens,15,lucas George,1.0,0.0,0.0,0.0,0.0,0.0,0.0,1.0,0.0,0.0,0.0,0.0,0.0,0.0,Hunter
Stevens,21,demetri Gournelos,1.0,0.0,0.0,0.0,0.0,0.0,0.0,1.0,0.0,0.0,0.0,0.0,0.0,0.0,Hunter
Stevens,9,ted Kim,2.0,0.0,2.0,6.0,-0.333,0.0,0.0,0.0,0.0,0.0,0.0,0.0,0.0,0.0,Hunter
Stevens,22,jon Pflueger,1.0,0.0,1.0,3.0,-0.333,0.0,0.0,0.0,0.0,0.0,0.0,0.0,0.0,0.0,Hunter
Stevens,8,nick Yao,3.0,0.0,0.0,1.0,0.0,3.0,0.0,0.0,0.0,3.0,0.0,0.0,0.0,0.0,Hunter
Stevens,7,brandon Yeh,2.0,0.0,0.0,0.0,0.0,4.0,0.0,1.0,0.0,1.0,0.0,0.0,0.0,0.0,Hunter
Chatham,16,maximilian Barrett,4.0,7.0,4.0,18.0,0.167,0.0,0.0,1.0,1.0,0.0,0.0,2.0,0.0,0.0,Mount Aloysius
Chatham,9,tim Mccabe,5.0,13.0,3.0,30.0,0.333,1.0,0.0,3.0,0.0,5.0,0.0,2.0,4.0,0.0,Mount Aloysius
Chatham,4,mannix Mckaveney,5.0,1.0,0.0,4.0,0.25,0.0,2.0,1.0,0.0,2.0,0.0,2.0,0.0,0.0,Mount Aloysius
Chatham,2,alex Moncello,5.0,2.0,0.0,4.0,0.5,25.0,1.0,2.0,0.0,4.0,0.0,1.0,0.0,0.0,Mount Aloysius
Chatham,12,kyle Penn,5.0,5.0,7.0,25.0,-0.08,0.0,2.0,2.0,0.0,11.0,0.0,0.0,1.0,0.0,Mount Aloysius
Chatham,8,benjamin Shelestak,5.0,20.0,10.0,64.0,0.156,1.0,1.0,4.0,0.0,10.0,1.0,0.0,1.0,1.0,Mount Aloysius
Chatham,13,luis Carrasquillo,5.0,0.0,2.0,3.0,-0.667,5.0,0.0,0.0,2.0,17.0,0.0,0.0,0.0,0.0,Mount Aloysius
Chatham,3,coulter Chaffee,4.0,0.0,0.0,1.0,0.0,15.0,0.0,0.0,0.0,4.0,0.0,0.0,0.0,0.0,Mount Aloysius
Chatham,6,evan Frank,5.0,0.0,0.0,0.0,0.0,0.0,0.0,2.0,0.0,2.0,0.0,0.0,0.0,0.0,Mount Aloysius
Chatham,15,kendal Herbert,1.0,0.0,0.0,0.0,0.0,0.0,0.0,0.0,0.0,1.0,0.0,0.0,0.0,0.0,Mount Aloysius
Chatham,1,tyler Mcknight,5.0,5.0,8.0,23.0,-0.13,0.0,0.0,0.0,0.0,5.0,0.0,1.0,0.0,0.0,Mount Aloysius
Chatham,7,matthew Franz,5.0,17.0,5.0,36.0,0.333,0.0,0.0,2.0,0.0,9.0,0.0,2.0,0.0,0.0,Mount Aloysius
Chatham,20,jason Freed,5.0,5.0,2.0,14.0,0.214,1.0,0.0,0.0,0.0,4.0,0.0,3.0,4.0,0.0,Mount Aloysius
Chatham,11,tayshaun Johnson,5.0,6.0,2.0,13.0,0.308,0.0,3.0,5.0,0.0,0.0,1.0,0.0,0.0,0.0,Mount Aloysius
Chatham,24,connor O'mealia,5.0,4.0,3.0,18.0,0.056,0.0,0.0,0.0,0.0,2.0,0.0,1.0,0.0,0.0,Mount Aloysius
Chatham,12,evan Schmidt,5.0,2.0,2.0,8.0,0.0,44.0,0.0,1.0,0.0,15.0,0.0,1.0,0.0,1.0,Mount Aloysius
Chatham,8,andrew Wlodarczyk,5.0,17.0,3.0,47.0,0.298,2.0,1.0,1.0,0.0,17.0,0.0,1.0,0.0,0.0,Mount Aloysius
Chatham,10,corey Obeldobel,5.0,0.0,0.0,2.0,0.0,2.0,0.0,0.0,2.0,14.0,0.0,0.0,0.0,1.0,Mount Aloysius
Chatham,9,landon Smith,5.0,0.0,0.0,0.0,0.0,0.0,0.0,0.0,0.0,16.0,0.0,0.0,0.0,0.0,Mount Aloysius
Brooklyn,14,armand Kaloshi,5.0,6.0,8.0,22.0,-0.091,0.0,3.0,4.0,0.0,8.0,0.0,1.0,0.0,1.0,Bard
Brooklyn,12,david Lema,5.0,1.0,0.0,3.0,0.333,39.0,2.0,2.0,0.0,14.0,0.0,0.0,0.0,1.0,Bard
Brooklyn,15,jason Lin,5.0,10.0,1.0,14.0,0.643,1.0,4.0,1.0,0.0,1.0,4.0,1.0,0.0,1.0,Bard
Brooklyn,19,eddie Lu,5.0,3.0,3.0,13.0,0.0,0.0,1.0,1.0,0.0,0.0,0.0,1.0,0.0,0.0,Bard
Brooklyn,16,tommy Min,5.0,12.0,5.0,39.0,0.179,0.0,1.0,2.0,2.0,10.0,0.0,0.0,1.0,0.0,Bard
Brooklyn,17,aaron Siu,5.0,14.0,5.0,40.0,0.225,0.0,4.0,4.0,0.0,10.0,0.0,1.0,0.0,0.0,Bard
Brooklyn,9,dion Csikortos,5.0,0.0,1.0,5.0,-0.2,3.0,0.0,0.0,5.0,7.0,0.0,0.0,0.0,1.0,Bard
Brooklyn,20,jiaian Flanders,1.0,0.0,0.0,0.0,0.0,0.0,0.0,0.0,0.0,0.0,0.0,0.0,0.0,0.0,Bard
Brooklyn,7,ali Zandani,3.0,0.0,0.0,0.0,0.0,1.0,0.0,0.0,0.0,1.0,0.0,0.0,0.0,0.0,Bard
Brooklyn,18,yinuo Zhang,1.0,0.0,1.0,1.0,-1.0,0.0,0.0,0.0,0.0,0.0,0.0,0.0,0.0,0.0,Bard
Brooklyn,17,kincade Avery,5.0,9.0,9.0,31.0,0.0,1.0,2.0,1.0,6.0,15.0,1.0,2.0,0.0,0.0,Bard
Brooklyn,7,georgi Chikolov,5.0,1.0,2.0,7.0,-0.143,45.0,0.0,3.0,0.0,3.0,0.0,1.0,0.0,2.0,Bard
Brooklyn,5,benjamin Davis,5.0,5.0,4.0,18.0,0.056,0.0,0.0,1.0,3.0,10.0,0.0,0.0,0.0,0.0,Bard
Brooklyn,22,lincoln Grisso,5.0,12.0,1.0,26.0,0.423,0.0,5.0,2.0,2.0,11.0,2.0,1.0,0.0,0.0,Bard
Brooklyn,16,angel Obergh,5.0,15.0,6.0,31.0,0.29,2.0,2.0,3.0,0.0,10.0,1.0,3.0,1.0,0.0,Bard
Brooklyn,8,quincy Ross,5.0,10.0,4.0,23.0,0.261,0.0,0.0,1.0,0.0,1.0,0.0,1.0,0.0,0.0,Bard
Brooklyn,12,quinn Lewis,5.0,0.0,0.0,0.0,0.0,1.0,0.0,0.0,0.0,6.0,0.0,0.0,0.0,0.0,Bard
Marian (WI),11,isaac Dreifuerst,3.0,8.0,0.0,13.0,0.615,0.0,3.0,2.0,0.0,0.0,0.0,0.0,0.0,0.0,Maranatha Baptist
Marian (WI),9,andrew Duley,1.0,1.0,0.0,1.0,1.0,6.0,0.0,1.0,0.0,0.0,0.0,0.0,0.0,0.0,Maranatha Baptist
Marian (WI),2,cj Kendrick,3.0,0.0,0.0,0.0,0.0,2.0,1.0,0.0,0.0,9.0,0.0,0.0,0.0,0.0,Maranatha Baptist
Marian (WI),10,marc Rey,3.0,6.0,2.0,13.0,0.308,0.0,2.0,1.0,0.0,2.0,0.0,0.0,2.0,0.0,Maranatha Baptist
Marian (WI),22,carter Shogren,3.0,4.0,0.0,7.0,0.571,0.0,4.0,1.0,0.0,1.0,0.0,3.0,0.0,0.0,Maranatha Baptist
Marian (WI),1,aaron Velasco,3.0,7.0,0.0,12.0,0.583,0.0,1.0,1.0,1.0,5.0,0.0,1.0,0.0,0.0,Maranatha Baptist
Marian (WI),16,rudy Badua,3.0,0.0,0.0,0.0,0.0,0.0,0.0,0.0,0.0,2.0,0.0,0.0,0.0,0.0,Maranatha Baptist
Marian (WI),3,trent Goo sun,3.0,0.0,0.0,0.0,0.0,2.0,0.0,0.0,1.0,7.0,0.0,0.0,0.0,0.0,Maranatha Baptist
Marian (WI),15,matthew Linn,2.0,0.0,1.0,1.0,-1.0,0.0,0.0,0.0,1.0,0.0,0.0,0.0,0.0,0.0,Maranatha Baptist
Marian (WI),27,jj Ross,2.0,2.0,1.0,4.0,0.25,0.0,0.0,0.0,1.0,0.0,0.0,0.0,0.0,0.0,Maranatha Baptist
Marian (WI),19,robbie Sapita,3.0,4.0,5.0,15.0,-0.067,0.0,0.0,0.0,0.0,4.0,0.0,2.0,0.0,0.0,Maranatha Baptist
Marian (WI),6,nick Stasch,3.0,2.0,0.0,2.0,1.0,23.0,1.0,0.0,0.0,1.0,0.0,0.0,0.0,0.0,Maranatha Baptist
Marian (WI),6,caleb Goetz,3.0,1.0,3.0,7.0,-0.286,0.0,0.0,1.0,4.0,5.0,0.0,0.0,0.0,0.0,Maranatha Baptist
Marian (WI),13,titus Huston,3.0,3.0,4.0,11.0,-0.091,8.0,0.0,0.0,1.0,2.0,0.0,0.0,0.0,0.0,Maranatha Baptist
Marian (WI),16,jonathan Knight,3.0,1.0,1.0,7.0,0.0,1.0,1.0,2.0,0.0,1.0,0.0,0.0,0.0,0.0,Maranatha Baptist
Marian (WI),7,tyler Lacock,3.0,5.0,5.0,17.0,0.0,0.0,1.0,2.0,0.0,0.0,0.0,0.0,1.0,0.0,Maranatha Baptist
Marian (WI),12,daniel Says,3.0,4.0,4.0,17.0,0.0,6.0,2.0,4.0,0.0,3.0,1.0,0.0,1.0,0.0,Maranatha Baptist
Marian (WI),20,jacob Valeria,3.0,4.0,2.0,10.0,0.2,0.0,0.0,0.0,0.0,0.0,0.0,0.0,1.0,0.0,Maranatha Baptist
Marian (WI),8,daniel Earnest,2.0,0.0,0.0,0.0,0.0,0.0,0.0,0.0,3.0,1.0,0.0,0.0,0.0,0.0,Maranatha Baptist
Marian (WI),2,aaron Joyner,2.0,0.0,0.0,0.0,0.0,0.0,0.0,0.0,1.0,1.0,0.0,0.0,0.0,0.0,Maranatha Baptist
Marian (WI),14,luke Nason,3.0,1.0,0.0,1.0,1.0,0.0,0.0,0.0,1.0,6.0,0.0,0.0,0.0,0.0,Maranatha Baptist
Marian (WI),3,ben Yenger,1.0,0.0,1.0,1.0,-1.0,0.0,0.0,0.0,2.0,0.0,0.0,0.0,0.0,0.0,Maranatha Baptist
MSOE,12,tommy Clausz,4.0,7.0,4.0,17.0,0.176,0.0,0.0,2.0,0.0,1.0,1.0,4.0,1.0,0.0,North Central (IL)
MSOE,23,ian Glashagel,4.0,8.0,6.0,24.0,0.083,0.0,1.0,5.0,0.0,7.0,3.0,0.0,0.0,1.0,North Central (IL)
MSOE,13,parker Rings,4.0,2.0,0.0,8.0,0.25,33.0,1.0,3.0,0.0,7.0,1.0,2.0,0.0,1.0,North Central (IL)
MSOE,11,matthew Schultz,4.0,6.0,1.0,10.0,0.5,0.0,0.0,2.0,0.0,2.0,0.0,3.0,0.0,0.0,North Central (IL)
MSOE,10,carter Shavitz,4.0,6.0,1.0,28.0,0.179,0.0,0.0,2.0,2.0,12.0,0.0,4.0,0.0,0.0,North Central (IL)
MSOE,1,seth Thomas,4.0,11.0,9.0,39.0,0.051,1.0,1.0,2.0,2.0,12.0,1.0,1.0,0.0,0.0,North Central (IL)
MSOE,9,antonio Llona baez,1.0,0.0,0.0,0.0,0.0,0.0,0.0,1.0,0.0,0.0,0.0,0.0,0.0,0.0,North Central (IL)
MSOE,21,jackson Phillips,4.0,0.0,0.0,2.0,0.0,3.0,0.0,0.0,0.0,10.0,0.0,0.0,0.0,0.0,North Central (IL)
MSOE,4,dixon Seymour,4.0,0.0,0.0,0.0,0.0,0.0,0.0,0.0,0.0,3.0,0.0,0.0,0.0,0.0,North Central (IL)
MSOE,15,james Zippay,1.0,0.0,1.0,4.0,-0.25,0.0,0.0,0.0,0.0,1.0,0.0,0.0,0.0,0.0,North Central (IL)
MSOE,18,tyler Donovan,4.0,1.0,0.0,6.0,0.167,35.0,2.0,2.0,0.0,8.0,1.0,3.0,0.0,0.0,North Central (IL)
MSOE,27,mitchell Hester,4.0,7.0,1.0,13.0,0.462,0.0,0.0,0.0,0.0,1.0,1.0,2.0,0.0,0.0,North Central (IL)
MSOE,9,caelan Koth,4.0,6.0,1.0,21.0,0.238,1.0,1.0,3.0,0.0,10.0,2.0,1.0,0.0,0.0,North Central (IL)
MSOE,3,cooper Lundal,4.0,14.0,2.0,26.0,0.462,1.0,0.0,2.0,0.0,2.0,0.0,2.0,0.0,0.0,North Central (IL)
MSOE,7,jared Moser,4.0,11.0,12.0,36.0,-0.028,0.0,1.0,1.0,0.0,6.0,0.0,1.0,0.0,0.0,North Central (IL)
MSOE,1,austin Scott,4.0,10.0,7.0,33.0,0.091,1.0,0.0,1.0,1.0,6.0,0.0,1.0,0.0,0.0,North Central (IL)
MSOE,24,karson Eggert,2.0,0.0,0.0,0.0,0.0,0.0,1.0,2.0,0.0,1.0,0.0,0.0,0.0,0.0,North Central (IL)
MSOE,23,will Padgett,2.0,0.0,1.0,1.0,-1.0,8.0,0.0,1.0,0.0,4.0,0.0,0.0,0.0,1.0,North Central (IL)
MSOE,21,carson Skalbeck,1.0,0.0,0.0,0.0,0.0,0.0,0.0,0.0,0.0,1.0,0.0,0.0,0.0,0.0,North Central (IL)
MSOE,11,danny Smithers,4.0,0.0,0.0,0.0,0.0,0.0,0.0,0.0,0.0,22.0,0.0,0.0,0.0,0.0,North Central (IL)
MSOE,16,michael Szews,3.0,0.0,0.0,0.0,0.0,0.0,0.0,1.0,0.0,1.0,0.0,0.0,0.0,0.0,North Central (IL)
MSOE,17,tyler Volling,1.0,0.0,1.0,1.0,-1.0,0.0,0.0,0.0,0.0,0.0,0.0,0.0,0.0,0.0,North Central (IL)
Carthage,15,ryan Cholewinski,5.0,12.0,3.0,25.0,0.36,0.0,0.0,3.0,0.0,1.0,1.0,2.0,0.0,0.0,Dominican (IL)
Carthage,2,mitch Geiger,2.0,1.0,4.0,9.0,-0.333,0.0,0.0,2.0,2.0,0.0,0.0,0.0,0.0,0.0,Dominican (IL)
Carthage,13,ben Heise,5.0,12.0,3.0,27.0,0.333,0.0,0.0,1.0,0.0,5.0,0.0,3.0,0.0,0.0,Dominican (IL)
Carthage,3,drew Jansen,5.0,13.0,8.0,34.0,0.147,0.0,3.0,7.0,0.0,11.0,0.0,2.0,1.0,0.0,Dominican (IL)
Carthage,11,gene Mcnulty,5.0,0.0,1.0,1.0,-1.0,31.0,3.0,0.0,0.0,6.0,0.0,0.0,0.0,0.0,Dominican (IL)
Carthage,18,ethan Sprague,5.0,4.0,1.0,8.0,0.375,0.0,0.0,0.0,0.0,2.0,1.0,4.0,0.0,0.0,Dominican (IL)
Carthage,5,easton Gavin,5.0,0.0,0.0,0.0,0.0,0.0,0.0,2.0,0.0,0.0,0.0,0.0,0.0,0.0,Dominican (IL)
Carthage,1,jack Mcdonald,5.0,0.0,0.0,0.0,0.0,0.0,0.0,0.0,2.0,5.0,0.0,0.0,0.0,0.0,Dominican (IL)
Carthage,19,ryan Morey,5.0,0.0,0.0,1.0,0.0,23.0,3.0,1.0,0.0,10.0,0.0,0.0,0.0,0.0,Dominican (IL)
Carthage,20,zack Noland,5.0,0.0,0.0,1.0,0.0,1.0,0.0,0.0,0.0,10.0,0.0,0.0,0.0,0.0,Dominican (IL)
Carthage,14,owen Otto,4.0,13.0,0.0,27.0,0.481,2.0,1.0,3.0,0.0,6.0,0.0,0.0,0.0,0.0,Dominican (IL)
Carthage,10,grant Veldman,5.0,6.0,2.0,14.0,0.286,1.0,0.0,0.0,0.0,5.0,0.0,1.0,0.0,0.0,Dominican (IL)
Carthage,21,michael Yemm,1.0,0.0,0.0,0.0,0.0,0.0,0.0,1.0,0.0,0.0,0.0,0.0,0.0,0.0,Dominican (IL)
Carthage,20,casey Goss,5.0,9.0,10.0,41.0,-0.024,1.0,1.0,2.0,0.0,8.0,0.0,1.0,0.0,0.0,Dominican (IL)
Carthage,12,michael Greco,5.0,7.0,0.0,10.0,0.7,0.0,0.0,0.0,0.0,1.0,2.0,2.0,0.0,0.0,Dominican (IL)
Carthage,6,jarod Hesse,5.0,18.0,6.0,43.0,0.279,0.0,1.0,2.0,2.0,9.0,1.0,2.0,0.0,0.0,Dominican (IL)
Carthage,17,jason Kougan,3.0,0.0,1.0,4.0,-0.25,2.0,2.0,2.0,1.0,3.0,0.0,0.0,0.0,0.0,Dominican (IL)
Carthage,9,aaron Marrs,4.0,4.0,1.0,12.0,0.25,0.0,0.0,2.0,3.0,4.0,0.0,0.0,0.0,0.0,Dominican (IL)
Carthage,3,owen Morrow,5.0,1.0,1.0,6.0,0.0,39.0,0.0,3.0,0.0,11.0,0.0,0.0,0.0,0.0,Dominican (IL)
Carthage,2,ryan Barnett,4.0,0.0,0.0,0.0,0.0,0.0,0.0,0.0,0.0,0.0,0.0,0.0,0.0,0.0,Dominican (IL)
Carthage,4,nathaniel Cossyleon,3.0,2.0,3.0,12.0,-0.083,0.0,0.0,4.0,0.0,5.0,1.0,0.0,0.0,0.0,Dominican (IL)
Carthage,1,ty Geschke,4.0,7.0,0.0,11.0,0.636,0.0,0.0,2.0,0.0,1.0,1.0,0.0,0.0,0.0,Dominican (IL)
Carthage,11,grant Henderson,5.0,0.0,0.0,1.0,0.0,3.0,0.0,0.0,3.0,13.0,0.0,0.0,0.0,0.0,Dominican (IL)
Carthage,15,thomas Hirsch,3.0,1.0,0.0,7.0,0.143,0.0,0.0,0.0,0.0,0.0,0.0,1.0,0.0,0.0,Dominican (IL)
Carthage,19,kade Van assen,2.0,0.0,0.0,0.0,0.0,1.0,0.0,0.0,0.0,0.0,0.0,0.0,0.0,0.0,Dominican (IL)
Carthage,8,tyler Vrska,2.0,0.0,0.0,0.0,0.0,0.0,0.0,0.0,1.0,0.0,0.0,0.0,0.0,0.0,Dominican (IL)
Elizabethtown,18,cody Boyer,4.0,4.0,0.0,9.0,0.444,1.0,0.0,0.0,0.0,2.0,0.0,1.0,0.0,0.0,Widener
Elizabethtown,4,mason Boyer,4.0,6.0,1.0,8.0,0.625,1.0,1.0,8.0,0.0,4.0,0.0,3.0,0.0,0.0,Widener
Elizabethtown,3,nick Chapman,4.0,10.0,6.0,29.0,0.138,0.0,1.0,4.0,2.0,9.0,1.0,0.0,0.0,0.0,Widener
Elizabethtown,7,alex Finch,4.0,13.0,4.0,30.0,0.3,0.0,0.0,2.0,0.0,9.0,1.0,2.0,0.0,0.0,Widener
Elizabethtown,1,ethan Scott,3.0,2.0,0.0,4.0,0.5,27.0,0.0,1.0,0.0,2.0,1.0,0.0,0.0,1.0,Widener
Elizabethtown,23,logan Smith,4.0,14.0,12.0,45.0,0.044,0.0,1.0,0.0,0.0,5.0,0.0,2.0,0.0,0.0,Widener
Elizabethtown,13,dustin Hagin,4.0,0.0,0.0,0.0,0.0,2.0,0.0,0.0,0.0,17.0,0.0,0.0,0.0,0.0,Widener
Elizabethtown,21,ben Robbins,4.0,0.0,0.0,0.0,0.0,0.0,2.0,3.0,0.0,2.0,0.0,0.0,0.0,0.0,Widener
Elizabethtown,2,nate Seeger,1.0,1.0,1.0,2.0,0.0,12.0,2.0,2.0,0.0,1.0,0.0,0.0,0.0,0.0,Widener
Elizabethtown,7,matthew Christ,4.0,3.0,6.0,23.0,-0.13,0.0,0.0,3.0,0.0,5.0,0.0,3.0,0.0,0.0,Widener
Elizabethtown,3,ethan Cox,4.0,9.0,3.0,18.0,0.333,0.0,0.0,2.0,0.0,5.0,1.0,4.0,0.0,0.0,Widener
Elizabethtown,13,stephen Marquis,4.0,2.0,1.0,13.0,0.077,1.0,2.0,3.0,0.0,5.0,0.0,5.0,0.0,0.0,Widener
Elizabethtown,20,michael Martino,4.0,7.0,3.0,28.0,0.143,0.0,0.0,4.0,1.0,6.0,0.0,4.0,0.0,0.0,Widener
Elizabethtown,14,josh Matchett,4.0,7.0,0.0,12.0,0.583,30.0,2.0,7.0,0.0,5.0,0.0,4.0,0.0,0.0,Widener
Elizabethtown,1,christian Wannamaker,4.0,9.0,4.0,21.0,0.238,1.0,0.0,4.0,0.0,6.0,0.0,2.0,0.0,0.0,Widener
Elizabethtown,12,benajmin Heist,4.0,0.0,0.0,1.0,0.0,0.0,0.0,0.0,1.0,5.0,0.0,0.0,0.0,0.0,Widener
Elizabethtown,5,kevin Stubbs,4.0,0.0,0.0,0.0,0.0,0.0,0.0,0.0,1.0,3.0,0.0,0.0,0.0,0.0,Widener
